id,old_company_name,new_company_name
ca5ee77c-4904-4961-ba5c-791ad52654fc,Torrefazione Caffï¿½ï¿½ Excelsior,Torrefazione Caffè Excelsior Srl
ca1c0aac-c8c7-4a56-88d6-0f8f7c26715b,Zï¿½ï¿½oto Polskie - Family Business,Złoto Polskie - Family Business S.C.
e7eadcdc-92fb-4747-aaf8-03bf8d6ed0bf,Zakï¿½ï¿½ady Przemysï¿½ï¿½u Cukierniczego Otmuch,Otmuchow - Zakłady Przemysłu Cukierniczego
46aeb2d7-e8f7-481e-96b1-629751387095,Gelato Dï¿½ï¿½ï¿½,Gelato D’Italia
c9a6817d-d8bb-4ecb-bf1d-ff183cc6f3ab,Vï¿½ï¿½ver Komb,Víver Kombucha
7fcfb236-bf59-450e-aa0a-3a98e56af6b2,Kotï¿½ï¿½nyi,Kotányi Gmbh
8ad64e9f-57c1-4fda-bbb0-3f661f2d619d,Maï¿½ï¿½i Mam,Maži Mamutai
e0b48107-e9ea-413f-9694-e4a6d4bb05cf,Espaï¿½ï¿½a Gourmet Logis,España Gourmet Logistica
7d199b58-72bc-4e64-9d3f-9a54858f91c3,Castaï¿½ï¿½as Campelo Exporta,Castañas Campelo Exportacion
6a2c026c-5dd2-421e-9f27-74a1d27847bc,Cervezas Gran Vï¿½ï¿½a,Cervezas Gran Vía S.L.
e574b415-560f-4c0e-b290-d87608468cbb,Cr Dop Aceituna Aloreï¿½ï¿½a De Mï¿,Cr Dop Aceituna Aloreña De Málaga
2957e411-f6cf-4ea4-b768-232311c559a7,Grup Viï¿½ï,Grup Viñas
72379932-9afd-4937-8fe6-c6a61a6a8a7f,Denominaciï¿½ï¿½n De Origen Protegida Los Pedro,Denominación De Origen Protegida Los Pedroches
408d6167-eaba-4d31-a6ff-337130033f27,Le Monde Des Crï¿½ï¿,Le Monde Des Crêpes
a91811fc-0d6d-435a-88cc-0a78ef1a51ff,"Rafa Gorrotxategi: Turrï¿½ï¿½n, Chocolate Y Confite","Rafa Gorrotxategi: Turrón, Chocolate Y Confitería"
586bf149-a0ed-4291-92fc-7234b7ea0d9a,Productos La Pescaderï¿½,Productos La Pescadería
87317847-8153-4b75-b8a8-e0f5dea222fc,Carbons Ponï¿½ï¿,Carbons Ponç Sl
109acfb8-987a-48be-8452-d2ac8f77baab,Sibbaris Privï¿½ï¿½e,Sibbaris Privée S.L
8d42a640-892d-44b0-a3e2-708bf6be4606,Valdeï¿½ï¿½n Blue Cheese,Valdeón Blue Cheese Pgi
a5885deb-9abf-4242-8be7-2083e2fe46e6,Torre De Nï¿½ï¿½,Torre De Nuñez
f048f424-945c-4a6e-92dd-699b6cd4ef3f,Fundaciï¿½ï¿½n Adsis - Equimer,Fundación Adsis - Equimercado
5cf45e0a-2809-4993-843d-566053435eca,"Segundï¿½ï¿½n, Artesanos Del Ibï¿","Segundín, Artesanos Del Ibérico"
9995ad14-1a4a-43c1-8b8f-76de3aa72d81,Productos Lï¿½ï¿½cteos Ovejer,Productos Lácteos Ovejero Sa
d13e15ee-4492-4538-95ce-45b91d964068,Citrus Srl Societï¿½ï¿½ï¿½ï¿½ï,Citrus Srl Societֳ€ Benefit
8eb2dcd1-07d6-4e3c-b8eb-07579f6e771f,Gebrï¿½ï¿½der Woerle,Woerle
42f30aab-73fe-4578-a602-255f536e822e,Zielono Mi Agnieszka Jarosiï¿½ï¿,Zielono Mi
6a220efd-3f64-4e2f-b1cb-5d272ed3d29e,Buenaventura Borrï¿½,Buenaventura Borràs
cc8c0c7d-2a19-43d1-9907-a7219127518a,Casa Santoï¿½,Casa Santoña
5c84174a-7d88-4e5b-8795-c28e4ef882ec,Felfï¿½ï¿½ldi Edessï¿½ï¿½ggya,Felfoldi Confectionery Ltd
fcdb11dc-2a50-493f-9f7d-ce0305089351,This Is Vendema ï¿½ï¿½ï¿½,This Is Vendema Μον Pc
a074299e-618d-4987-bb34-f85b1e0ad567,Bonï¿½ï¿½rea Ag,Bonàrea Agrupa
0c0c102e-7635-49d1-a389-f77e7c790a85,Magyar Gomba Kertï¿½ï¿½sz Ltd. - Korona Mushroom U,Magyar Gomba Kertész Ltd. - Korona Mushroom Union
4cc135a3-18fa-46e1-a28a-ae3aa18b683d,"Balanï¿½ï¿½as Marques,","Balanças Marques, Lda."
5ce580cc-807b-4087-9cb3-ab4cca941987,Nordigal - Indï¿½ï¿½stria De Transformaï¿½ï¿½ï¿½ï¿,Nordigal
3f0f9657-0237-4294-a09c-dd4c02e4d643,Fï¿½ï¿½brica De Conservas A Poveira,Fábrica De Conservas A Poveira S.A.
69ad2af3-2e74-46f0-8fcf-3bf17ca838ca,Agroaguiar - Agroindï¿½ï¿½s,Agroaguiar - Agroindústria
40ed2f03-3a9a-4ec1-9c20-c8d4d58edccc,Agroresursu Un Ekonomikas Institï¿½ï,Agroresursu Un Ekonomikas Institūts
6ae3bc29-84ab-4f6d-984e-2863d9db5220,Athanasios D. Koukoutaris S.A. ï¿½ï¿½ï¿½Alfaï¿½ï¿½ï¿½/ ï¿½ï¿½ï¿,Athanasios D. Koukoutaris S.A. “Alfa”/ “Healthy Habits”
c56feed5-5450-4dea-b6f5-4f20950e0218,Dï¿½ï¿½lifrance Nederlan,Délifrance Nederland Bv
1cba539a-bcf5-4486-a13f-ec588426ee0a,"Hortofruticola Costa De Almerï¿½ï¿½a,","Hortofruticola Costa De Almería, S.L."
58490194-e5c5-4037-8fb8-d475520e5672,Regina Foods ï¿½ï¿½ourantidis Niko,Regina Foods Κourantidis Nikolaos
47d71e0e-8965-4027-8f42-903f16614423,Fabryka Cukierkï¿½ï¿½w Pszczoï¿½ï¿½ka Sp,"Fabryka Cukierków ""Pszczólka"" Sp. Z O.O."
83e513c0-d755-4201-bcd0-d40155680f29,Michail Arabatzis S.A. Industrial And Commercial Food Companyï¿½,Arabatzis Michail S.A Hellenic Dough
da8385af-ea6a-492d-83ac-a116207180f3,Denominaciï¿½ï¿½n De Origen Queso Manc,Fundacion C.R.D.O. Queso Manchego
a41fb3bd-2369-4f8b-8e0c-36df56cdbb51,J. Mï¿½ï¿½,J. Méndez
fb9f54bd-5830-4957-ab98-cea26de5429a,Dersut Caffï¿½ï¿½ S.,Dersut Caffè
f6bb4a30-8f72-46d2-be57-4672f3786f3d,Melas ï¿½ï¿½ï¿½ Epidaurus Olive Oil,Melas – Epidaurus Olive Oil Domain
1109c314-c7d7-47f0-9bcd-69b5f14a893c,Biancaffï¿½ï¿½,Biancaffé Srl
d6fcf6bb-2f00-43e7-b9ec-7bb5fb301116,Biancaffï¿½ï¿½ S.,Biancaffé Srl
cdc05658-3f2f-4551-b9f9-091d8515751e,Barberï¿½ï¿½ Sn,Barbera Snacks S.L.
d27fa997-b718-47ee-9dc7-8ed16565d715,Kmetijstvo In Oljarstvo Kolariï¿½ï¿½ ï¿½ï¿½ï¿½ Miran Kol,Kmetijstvo In Oljarstvo Kolarič – Miran Kolarič S.P.
7793ebb5-a9d0-47a2-8ddc-6461eb5df06b,Meiko Clean Solutions Ibï¿½ï¿½,Meiko Clean Solutions Ibérica
8d676bb2-6460-4983-a259-1e225dc3e541,Producciones Avï¿½ï¿½colas El Gran,Producciones Avícolas El Granjero
b7463882-00e0-46f3-8b00-e801270ca6df,Virï¿½,Virši
96c9a6e5-6b1d-4fb7-8a6d-9f50fb4c433e,Farï¿½ï¿½choc Schokoladenfabrik Gmbh & C,Farüchoc Schokoladenfabrik Gmbh & Co.Kg
13419aac-da78-458f-a4ae-86bce831beb9,"Pastelerï¿½ï¿½a Gimar,","Pastelería Gimar, S.L."
1b40f555-c6ce-4b13-9daf-0950de83c3e0,Mï¿½ï¿½n Komb,Mūn Kombucha
8e790847-5539-4e26-ab0c-5f9b9f977691,Viss Visapkï¿½ï¿½rt T,Viss Visapkārt Tīrs
3c4e7b1f-c415-442a-8c72-ba0fc0dadd3d,Distribuciones Del Jamï¿½ï¿½n Ce,Distribuciones Del Jamón Cerezo
b8e287a1-118d-4e71-a0e2-8623df97bd5b,El Galgo Pimentï¿½ï¿½n Pap,El Galgo Pimentón Paprika
001dcc7b-b1a4-4ae0-9ef8-a855bb464c6c,"Delpeyrat Ibï¿½ï¿½rica,","Delpeyrat Ibérica, S.L."
cb78a19f-a9b1-498b-b8ef-f9399a808170,Delicias Coruï¿½,Delicias Coruña
ab92c8f0-6858-49f4-be19-8f1460fd4b63,Dï¿½ï¿½rzkopï¿½ï¿½bas In,Dārzkopības Institūts
4d1cd961-0fba-4d2c-a9f8-853aa9822c4d,Drukï¿½ï¿½ Labï¿½ï¿½k (Sia,Drukā Labāk (Sia Onprint)
e43efd0e-bd43-433f-bfb1-52935a820bc6,Bodegas Hnos Pï¿½ï¿½ramo Ar,Bodegas Hnos Páramo Arroyo
e19d0239-bedc-41f9-9eef-7173b61b222d,"Cor Alimentaciï¿½ï¿½n,","Cor Alimentación, S.L."
749e5e23-f443-43eb-9913-552106176783,Purlom- Grupo Cï¿½ï¿½rnicas Arce- Armor Slice Solut,Purlom- Grupo Cárnicas Arce- Armor Slice Solutions
bd692248-37ad-451a-9da0-15799c4f4eb3,"Quesos San Vicente (Industrias Lï¿½ï¿½cteas San Vicente, S","Quesos San Vicente, S.L."
f12a696d-fd58-4898-8ee0-fdbebc71bf3c,"Quesos Industrias Lï¿½ï¿½cteas San Vicente,","Quesos San Vicente, S.L."
0ff70415-81b3-404d-acf2-c897ecd3ca6f,Komï¿½ï¿½ta 99,Kométa 99 Ltd
4033e547-7965-465f-8b2c-8b8b790ec47e,Tï¿½ï¿½ï¿½ï¿½ï¿½Dia Aziend,Tֳ™Dia Azienda Agricola
c48d817b-3ac5-4803-bded-fcc2181212fa,"Fabryka Cukierkï¿½ï""Pszczï¿½ï¿"" Sp. Z O.O.","Fabryka Cukierków ""Pszczólka"" Sp. Z O.O."
b97fa9d9-1bbc-489e-a1ed-a75e0522e549,Conservas La Brï¿½ï¿½,Conservas La Brújula
a9da336e-2d7a-4587-ab2e-ee4908c00a28,Tarczyï¿½ï¿½ski,Tarczynski S.A.
7c895c17-9a88-440c-9169-25a334cddcaa,Gresilva - Innovaciï¿½ï¿½n En Parri,Gresilva - Innovación En Parrillas
b05c950c-6178-497b-a797-28a3931d560e,Schalk Mï¿½ï¿,Schalk Mühle
6ce6c9b3-ac0b-4ed5-b7aa-a347e0d92024,Mï¿½ï¿½nsterlï¿½ï¿½nder Frischgeflï¿,Münsterländer Frischgeflügel Gmbh
d88fc578-d603-432d-889b-b51119324451,Schneider's Gemï¿½ï¿½se,Schneider's Gemüseland
49eeba78-fb51-4534-912a-00eef8557d91,Rubin Szegedi Paprikafeldolgozï¿½ï¿½,Rubin Szegedi Paprikafeldolgozó Kft.
e4726c71-7cfe-4098-9e30-4197f806a8f8,Jamones Tï¿½ï¿½o Em,Jamones Tío Emilio
2b78ced3-ee3a-4159-92e2-8c2931c74b7e,Virï¿½ï¿,Virú Sa
cc0c4ac0-c9ad-49b5-b860-dd344ce0975c,Unterweger Frï¿½ï¿½chtekï¿½ï¿½,Unterweger Früchteküche Gmbh
1d91fe10-d8fd-4324-a17a-533c48f58ca4,"1880, Turrones El Lobo, Doï¿½ï¿½a Ji","1880, Turrones El Lobo, Doña Jimena"
99c45587-2e5a-4ee7-a4c4-5f6ff0384f82,Dï¿½ï¿½lifrance Deutschland,Délifrance Nederland Bv
f1930d7c-5b13-46db-b089-1cdebe1242f5,Gottskï¿½ï¿½r Foo,Gottskär Food Ab
12a1b586-8f53-4e4f-8f54-0bb77ec726f0,Pago De Peï¿½ï¿½arr,Pago De Peñarrubia
e200be0a-8f15-45b8-8589-d999df896dc7,Polabskï¿½ï¿½ Mlï¿½ï¿½kï¿,Polabské Mlékárny A.S.
a3de6270-4fad-4389-b0fd-4fff20983232,Pivovarna Laï¿½ï¿½ko Union D.,Pivovarna Laško Union D.O.O.
61152d02-b1b8-425d-9b88-5bdf5248d2be,Caffï¿½ï¿½ Trinca S.,Caffè Trinca S.R.L.
0459a3c8-18ad-4e15-9c2f-86b977b7b01d,Antica Torroneria Piemontese - Golositï¿½ï¿½ Dal 1885,Antica Torroneria Piemontese - Golosità Dal 1885 Srl
7f681b44-dab5-4846-982a-a05a8a486968,Barbera Caffï¿½ï¿½ S.,Barbera 1870 Spa
e7bd3a7e-960d-402b-9fe4-0131dd9e39a4,Tierra De Sabor - Castilla Y Leï¿½,Tierra De Sabor - Castilla Y León
818906f2-65b1-483d-a190-1ab864d2c4f6,Landgeflï¿½ï¿½gel Fg Vertriebsgesellschaft,Landgeflügel Fg Vertriebsgesellschaft Mbh
f1387011-4959-401a-81f9-f2dbfa5dca92,"Peter Kï¿½ï¿½lln Gmbh & Co Kgaa, Sucursal En Esp","Peter Kölln Gmbh & Co Kgaa, Sucursal En España"
d2419477-556a-4a36-8d30-efed5f60e670,Spï¿½ï¿½ï¿½ï¿½dzielcza Mleczarnia,Spółdzielcza Mleczarnia Spomlek
e6f1121f-837b-492d-81e2-25a50441c25b,Frimarc - Indï¿½ï¿½stria E Comï¿½ï¿½r,Frimarc - Indústria E Comércio S.A.
7b4cf07a-5555-4d88-96a3-dc1153968be1,Zaklady Przemyslu Cukierniczego Otmuchï¿½ï¿½w,Otmuchow - Zakłady Przemysłu Cukierniczego
c723f8f4-6236-4908-931a-914ba4f77d75,Paï¿½ï¿½o Fr,Paño Fruits
5d2cdd73-47ee-4d01-ac6b-f7a1f1735750,Oleicola Jaï¿½ï¿½n,Oleicola Jaén S.A.
bb7ddce5-3484-4db4-85a4-ec80f44db289,Oi Tomato Industry Basin Central Southern Italy ï¿½ï¿½ï¿½ Meu Tomatï¿½ï,Oi Tomato Industry Basin Central Southern Italy – Meu Tomatì Project
9c4ba153-c320-4bfa-9ff4-f2de450447a8,Olio Arkï¿½ï¿½ï¿½ï¿½ E Natura Di Diliberto S.E.M. & C,Olio Arkֳˆ E Natura Di Diliberto S.E.M. & C. S.A.S.
eaf8c55a-8074-495e-80ea-4143baa37fea,Pesbasa Espaï¿½ï¿½,Pesbasa España Sa
4e1cf654-53c0-4cdb-8eb2-6f0162bdccc7,Pastai Gragnanesi Societï¿½ï¿½ Coopera,Pastai Gragnanesi Società Cooperativa
c231c6e7-4a75-48aa-b863-29f46078d8f6,Pescanova Espaï¿½ï¿½a S,Pescanova España S.L.U
3183725b-d4ac-4477-8ce1-b01d93b7b938,Patatas Fritas Peï¿½ï¿½ag,Patatas Fritas Peñagallo
0a9caeef-45bd-4eff-ae00-5e64e1b69c78,Obrador Real De Confiterï¿½,Obrador Real De Confitería
2ed4be70-ce74-4c51-b7e1-0098de52cce7,Olis Solï¿½ï¿½ - 199 Aï¿½ï¿½os De Ole,Olis Solé - 199 Años De Oleicultura
1ca823de-5a49-4438-aa09-9cbce775dc5e,Vï¿½ï¿,Väcka
8475cada-02bf-4b23-9c64-03c6542e0497,Officetotal Food Brands Espaï¿½ï¿½,Officetotal Food Brands España Sl
947f9ef8-b68a-420c-a59b-2efe391811fe,Quesos Albï¿½ï¿,Quesos Albéniz
d20b2c72-7b5d-448f-baae-4fed8ddd172a,Uniï¿½ï¿½,Unió Nuts
ad2e101c-9fed-4bfb-aefe-001732a58ec1,Unigrï¿½ï¿½ S.,Unigrà S.P.A.
c39eef94-6746-4a76-ac45-774d7f8a7e35,Podere 109 Societï¿½ï¿½ Agricola Biolo,Podere 109 Società Agricola Biologica
b75a4c90-8289-4b4c-ad00-b36a2f6c5452,Cï¿½ï¿½rnicas Mo,Cárnicas Molina
a37925a2-e327-41c1-89c9-d2f93e6ca2aa,"Cï¿½ï¿½rnicas Sierra De Toranzo,","Cárnicas Sierra De Toranzo, S.L."
4bf3c45d-96b2-4fdb-9dff-0f1fa9e25526,C.R.D.O.P. Priego De Cï¿½ï¿½r,C.R.D.O.P. Priego De Córdoba
e75dee4d-35d5-4a04-be4e-670461c44f2a,Caffï¿½ï¿½ Buongiorno,Caffè Buongiorno 1950
f184de92-b023-44fa-8cfd-76e6196278fb,Caï¿½ï¿½ada Avi,Cañada Avilés
0f0fb908-7cf0-4758-a753-a84ab5a9e011,Caffeï¿½ï¿½ï¿½ï¿½ï¿½ï¿½ï¿½ï¿½ Patria Di Alberto,Caffeג€™ Patria Di Alberto Patria & C. Snc
09c50bbf-14cf-4844-94ae-d930a889e885,Cï¿½ï¿½rnicas Bu,Cárnicas Buzón
6712ff1a-fc1e-40c7-a087-1d98834c3e0b,"Vï¿½ï¿½rios Sabores,","Vários Sabores, Sa."
c1ded483-fe8d-4069-9581-c88306177232,Jesï¿½ï¿½s Navarro,Carmencita
28ce055f-fe6a-4cb6-896e-7283b39438aa,Verdï¿½ï¿½ Cantï¿½ï¿½ Saffron Sp,"Verdú Cantó Saffron Spain,S.L."
0cd40e77-b62e-49b1-b640-7982428ea37f,Milï¿½ï¿½,Milénico
f3bfb87e-530b-4b9d-844e-e37ec43ac127,Molino Casillo S.P.A. Societï¿½ï¿½ Ben,Molino Casillo S.P.A. Società Benefit
b4f4326e-cc68-4266-a048-a91d1608979f,Cï¿½ï¿½,Càrnia
c8a7f2ca-cc32-4f70-abf9-2474ff03acfd,La Brujula - Ramï¿½ï¿½n P,Conservas La Brújula
5510173e-1890-4c73-9cbe-b3249e1ac3c7,Jr Suï¿½ï¿½rez Mone,Jr Suárez Monedero
1fc3ca71-78fc-4683-881d-43219efc3ba4,Nacrï¿½ï¿½ S.,Nacrè S.R.L.
1558fb04-0608-45e4-b4f6-47f502531276,Valgrï¿½ï¿½ - Coppola Enterprice,Valgrì - Coppola Enterprice Srl
10751a34-ce32-49d2-bad6-d161c6ac32a0,"La Barraca Alimentaciï¿½ï¿½n,","La Barraca Alimentación, S.L."
5931db23-6ba8-4b56-8848-77df5fdc94b9,Naturuel Corporaciï¿½,Naturuel Corporación
b4aee995-9057-4c50-9a78-029e4fd253dc,Nazarï¿½ï¿½ Hojaldre,Nazaré Hojaldrería
3fc56934-8cc6-41cb-9e18-71622d8ba692,Lï¿½ï¿½lio - Frantoio Papar,Lólio - Frantoio Paparella
314a217a-f562-45ef-a923-7ca57133dcaa,"Lorusso Y Sï¿½ï¿½ez,","Lorusso Y Sáez, S.L."
5c8d4c26-81a0-42ee-b9d5-bfb2f63daa72,"Lurreko Aromï¿½ï¿½ticas, Hierbas Artesanas Y Bi","Lurreko Aromáticas, Hierbas Artesanas Y Bio..."
423e65de-288c-4450-a62e-e9bf92c36956,Vï¿½ï¿½,Végola
ce26b1fa-4fbd-45cf-b4d9-d3c312a7e32e,Lusini Ibï¿½ï¿½,Lusini Ibérica
84e23ca4-b3d3-4153-9c82-94c7c01a0fba,M.C. Chorizo De Leï¿½,M.C. Chorizo De León
3bb33bea-d9cb-44a2-ac82-3122f6cea3fd,"Lï¿½ï¿½cteas Garcia-Baquero,",Lacteas Garcia Baquero
9d6b0a98-9e50-4438-adcc-6bcd34dae4f9,Latteria Di Soligo Societï¿½ï¿½ Agricola Coopera,Latteria Di Soligo Società Agricola Cooperativa
1df7c918-9c3c-40fb-8641-dd0eceb56c5d,La Linea Verde Societï¿½ï¿½ Agricola S.,La Linea Verde Società Agricola S.P.A.
460e4d92-41d6-4c99-872e-571560a80d8f,Meraner Mï¿½ï¿½hle,Meraner Mühle Gmbh
e6db64d9-ae3c-4dd0-9f07-fc1b93f69e7a,Jamones Pedro Castaï¿½,Jamones Pedro Castaño
b2e77272-a2e7-4178-9b0c-c41d95861e8d,Jamones Martï¿½ï¿½nez Pre,Jamones Martínez Premium
896d4b39-8d98-47ff-8e2c-e00bcbf6e01f,Mapfre Espaï¿½ï¿½a,Mapfre España S.A
bd51ce4a-13e1-4f84-9916-6a6a3ab70863,Mï¿½ï¿½yla Ph,Máyla Pharma
2950e975-e805-4c9d-8a03-12fb37b9a533,Manzanilla Olive S.C.A. And 2ï¿½ï¿½ G,Manzanilla Olive S.C.A. And 2° Grado
79e3edd3-5453-46cf-9c0f-ae1b3c0f4711,Seï¿½ï¿½orio De Monta,Señorio De Montanera
4ecfdc0c-b6d5-4027-ac92-6662a4863d95,Argal Alimentaciï¿½,Argal Alimentación
3ecfaf6a-a2d5-47e1-9050-41543b301057,Porkyï¿½ï¿½vila,Porkyávila S.L.
f5f942ca-c47c-4c0a-a59f-8d82c34d7308,Aceites Peï¿½ï¿½a,Aceites Peña Luna
f199b46a-09cc-47d7-b4ff-bfb47ac49133,Ahumados Domï¿½ï¿½n,Ahumados Domínguez
cbb6117b-c3fb-48ad-86e7-72116867ac82,"Hida Alimentaciï¿½ï¿½n,","Hida Alimentación, S.A."
01a8d3e2-245a-4e7c-bb9b-724cb5fb3d1b,"Jovira ""Ibï¿½ï¿½ricos De Extrema","Jovira ""Ibéricos De Extremadura"
b7d29cdf-1321-440b-9853-24eb7b2750ec,La Montaï¿½ï¿½a Ali,La Montaña Aliños
a6ede08a-c187-4d4b-ab2e-7ca6d2be8545,Cipriano Hernï¿½ï¿½,Cipriano Hernández
35f2a5a3-e89a-4584-8239-3f7b86b3b5cf,Ibï¿½ï¿½ricos La Union,Ibéricos La Union 1890
a7484609-e56f-413b-a9b0-69962a4df60a,Ibï¿½ï¿½ricos Guil,Ibéricos Guillén
e4e7b955-44f2-4f5d-90aa-fc153ab25b1e,Institut Catalï¿½ï¿½ De Fina,Institut Català De Finances
c8bd8c21-d8a0-49ab-af69-befd0259a6aa,I.G.P. Lenteja De La Armuï¿½,I.G.P. Lenteja De La Armuña
a5fa8a5f-2a3e-4f39-a93d-13ff6ab341d5,Viï¿½ï¿½als S,Viñals Soler
ac402ab9-6dae-4d76-91d1-7ba8d75d9736,Josï¿½ï¿½ P,José Peña
32c744d4-a72c-4c35-9763-7abe461a9925,Carnicas Iruï¿½ï¿½,Carnicas Iruña Sa
25479c38-4a0c-4748-9e17-ea0db45020c4,Carloteï¿½ï¿½a De As,Carloteña De Asados
31aef5fd-2117-4db6-9e0d-82afa8fe59ed,Specialitï¿½ï¿½ Dolciarie Martini,Specialità Dolciarie Martini Srl
6dffeef2-0044-417c-a8ae-9f07a2f76f33,Segura Jamones De Serï¿½,Segura Jamones De Serón
786599a6-5282-4d9c-9996-fcb3602b0ed6,Twinkle Baker Dï¿½ï¿,Twinkle Baker Décor
69af342f-1063-439c-ae42-c6206f2ddd5e,I.G.P. Alubia De La Baï¿½ï¿½eza- L,I.G.P. Alubia De La Bañeza- León
8ab9d671-0f3c-4e00-8f93-2c063fca2471,Seï¿½ï¿½orios De Relle,Señorios De Relleu Sl
f6853f8c-cc6a-425f-957b-8c2668c0a2c1,Gremipa ï¿½ï¿½ï¿½ Gremi De Flequers De La Provï¿½ï¿½ncia De,Gremipa – Gremi De Flequers De La Província De Barcelona
798ec044-3f93-40f1-ba52-dd71d4b7b25d,Queserï¿½ï¿½a La Antigua De Fuentesa,Quesería La Antigua De Fuentesaúco
11eaf5f3-2efd-42c8-bb94-bf93baeae1c5,Queserï¿½ï¿½a Iberques Extrema,Quesería Iberques Extremadura
c6fc273b-21cb-4b96-b4e9-b0e26e60f091,Industrias Cï¿½ï¿½rnicas Campoher,Industrias Cárnicas Campohermoso
59cac47f-9ee8-4da3-b141-e4768d4eb71e,Almazaras De La Subbï¿½ï¿½,Almazaras De La Subbética
31f5e399-8aa7-4949-b26e-334265dff4cc,Industrias Cï¿½ï¿½rnicas Iglesias.,Industrias Cárnicas Iglesias.S.A.
9abf7556-dfbd-4a7b-8353-c289664e4a1f,100% Aceite Ecolï¿½ï¿½gico - Aove - Finca Las Plat,100% Aceite Ecológico - Aove - Finca Las Plateras
68df3066-dc0d-4c3a-9532-6ccf6b65d043,Associaciï¿½ï¿½ Celï¿½ï¿½acs C,Associació Celíacs Catalunya
ab4ca505-6c17-4025-a0da-08ab82e21f8f,Industrias Cï¿½ï¿½rnicas Diego Mo,Industrias Cárnicas Diego Molina
0205160c-ee39-48ae-900f-cac391db5fed,Sueï¿½ï¿½os De Alba Gana,Sueños De Alba Ganadera
8328fef7-9832-4f48-a2e2-797ade989c14,La Tarongeta Informï¿½ï¿½,La Tarongeta Informàtica
a791ff20-9195-4170-8021-6b0d15c7011e,Asociaciï¿½ï¿½n Frozen Esp,Asociación Frozen España
0ec9399a-f88d-4ef3-867e-9ae9e188f4d2,La Rï¿½ï¿½s,La Rústica
e7bc516a-6c80-4f88-993f-98273b972383,Hosteleria De Espaï¿½,Hosteleria De España
32451805-40c3-470f-a1a2-72ed5ccde6be,"Hochland Espaï¿½ï¿½ola,","Hochland Española, S.A."
2d8ee9d9-b4a6-4fd2-9530-1423004a5530,Albe-Lï¿½ï¿½cteas Del Ja,Albe-Lácteas Del Jarama
d345d266-8192-4fd2-ae89-16848624844b,Torre De Nuï¿½ï,Torre De Nuñez
320ecdce-9f58-44d0-9de9-b0bf1662712d,Ammerland Ibï¿½ï¿½rica S.,Ammerland Ibérica S.L.U.
6485660c-7624-4a6d-baf3-4da38e77980b,Molino Ambrosio - Napoli ï¿½ï¿½ï¿,Molino Ambrosio - Napoli – 1886
bda26541-fd4c-4598-9080-3fbfe76050b2,Nestlï¿½ï¿½ Italiana S.,Nestlé Italiana S.P.A.
d7abb386-6d2b-4df0-bfc2-3d474d115e1d,Mediterrï¿½ï¿½nean Natural,Mediterránean Natural Life
17a18289-6834-4fa9-91ca-e012faf1e253,Magdalenas Lï¿½ï¿½zaro,Magdalenas Lázaro S.A.
19545ab0-92be-4407-a399-174adc7f1f49,Otmuchow - Zakï¿½ï¿½ady Przemysï¿½ï¿½u Cukie,Otmuchow - Zakłady Przemysłu Cukierniczego
a0a7c815-6708-4612-a8cc-40d17dd9e734,"Maï¿½ï¿½arico,","Maçarico, S.A."
12472f02-bf08-4bb7-9fea-9a41a2e17d9c,D.O.S. Srl Specialitï¿½ï¿½ Al Tartufo Since,D.O.S. Srl Specialità Al Tartufo Since 1940
6a73fb67-6aa0-4141-95cd-7aa506fd8abb,Caffï¿½ï¿½ï¿½ï¿½ Gioia - Labcaffï¿½,Caffֳˆ Gioia - Labcaffֳˆ S.A.S.
ea891f29-1594-4d28-9d80-248de75a6517,Lï¿½ï¿½becker Marzipan-Fabrik V. Minden & Bruhns Gmbh & Co,Lübecker Marzipan-Fabrik V. Minden & Bruhns Gmbh & Co. Kg
3fae11bf-13e8-4d2c-9f29-c9bb301999b3,"Valente Marques, S.A. Caï¿½ï¿½a","Valente Marques, S.A. Caçarola"
869f61a5-a682-47ac-b83b-668cd2efe65e,Lopes Dos Leitï¿½ï,Lopes Dos Leitões
5bd13d22-0512-42fb-aa05-ab9a26996b2d,Lacticï¿½ï¿½nios Do P,Lacticínios Do Paiva
972b52b1-fa42-4589-96e8-dcc64ffa1ab4,Caffeï¿½ï¿½ï¿½ï¿½ï¿½ï¿½ï¿½ï¿,Caffeג€™ Barbaro Napoli
a5c0a61e-5100-4ad2-9f54-24c0bb51eb90,"Mendes Gonï¿½ï¿½alves,","Mendes Gonçalves, S.A."
b00040a2-f397-4e7d-ba9b-935158bb230f,Casalasco Societï¿½ï¿½ Agricola S.,Casalasco Società Agricola S.P.A.
4eb539c0-3071-448d-995d-e499de396c5a,Nawarra Sï¿½ï¿½ï¿½ï¿½wa,Nawarra Süßwaren Gmbh
1ae33a16-5487-4bde-99c4-24b55849a8b8,Rï¿½ï¿½cker,Rücker Gmbh
a2f1b58b-8c10-4051-91d4-04d83c1afbca,Rï¿½ï¿½bezahl Schokoladen,Rübezahl Schokoladen Gmbh
a890895a-8d07-4a03-a4c6-41098bea6a92,Aceites Oro Bailï¿½ï¿½n Galgon 99,Aceites Oro Bailen Galgon 99 Slu
90ef8618-bfc0-4bb6-bf47-09ffbba6fa7e,Caseificio Famiglia Olanda ï¿½ï¿½ï¿½ï¿½ï¿½ï¿½ï¿½,Caseificio Famiglia Olanda ג€“ Joleג€™
78eefc25-f118-4e91-a0e6-86a2aaba25a1,Caffï¿½ï¿½ Tor,Caffè Toraldo
b0df0cef-fd64-4238-ae1b-5383a319f52b,Schlï¿½ï¿½nder Brot & Kuchen Gmbh & Co,Schlünder Brot & Kuchen Gmbh & Co. Kg
79dbec1a-402a-4daf-a590-d1f95b33b52b,Aceitera La Marï¿½,Aceitera La María
8d321c81-9e9c-4525-84d8-e1d54584cb0c,Caffï¿½ï¿½ Parte,Caffè Partenope
8a92fa95-b6f9-411c-a156-d66531c3c498,S&A - Sociedade Indï¿½ï¿½stria De Aperit,S&A - Sociedade Indústria De Aperitivos
cb02137e-8b36-4296-ab8e-6618bbf06e92,Caffï¿½ï¿½ Haiti,Caffè Haiti Roma
b3dea7ab-0aa4-4439-8dbd-1c5c9351d5bf,Caffï¿½ï¿½ Mokambo S.,Caffé Mokambo S.R.L.
59daea86-924d-4d71-be5f-bce5f1bc2ba2,Agromonte - Rossociliegino Agricola S.R.L. Societï¿½ï¿½ A Socio U,Agromonte - Rossociliegino Agricola S.R.L. Società A Socio Unico
e767993f-add4-4d28-a835-59b4559bb7bf,Nafpliotis S. Bros ï¿½ï¿,Nafpliotis S. Bros Ο.Ε
f52450d1-637d-4660-819c-9e9b0d70eda3,Tï¿½ï¿½ocznia Sokï¿½ï¿½w Owocowych Vero Dari,Tłocznia Soków Owocowych Vero Dariusz Kuna
0fd02d49-8b81-4a22-a057-72991c06fd3e,Tribe Aï¿½ï,Tribe Açai
7e3ba231-372c-4ea8-961f-6ba42d18f05f,Phu Mateo Stanisï¿½ï¿½aw C,Mateo Sp. Z O.O.
35a9ee09-4d46-4fcd-a32c-e44e40b73d6d,Rhodius Mineralquellen Und Getrï¿½ï¿½nke Gmbh & Co,Rhodius Mineralquellen Und Getränke Gmbh & Co. Kg
72828845-ebe6-46e2-8d4e-29150d185f65,Bï¿½ï¿½rner-Eisenacher,Börner-Eisenacher Gmbh
8f57f02c-ebf3-4a63-b4fa-8edd6ff96239,Wohlgemuth Sï¿½ï¿½ï¿½ï¿½wa,Wohlgemuth Süßwaren Gmbh
f316c789-94b2-4eb8-b8a6-51bbe03f438b,Antersdorfer Mï¿½ï¿½hle Gmbh & Co. Vertrieb,Antersdorfer Mühle Gmbh & Co. Vertriebs Kg
40b68183-4ed3-4a07-9bd8-4a6704a7d329,"Confeitaria Carlos Gonï¿½ï¿½alves, Lda. / Biscland Orig","Confeitaria Carlos Gonçalves, Lda. / Biscland Original"
41726071-3833-43e0-941d-573215f3108d,"Galletas Gullï¿½ï¿½n, S. A. Gullon Bisc","Galletas Gullón, S. A. Gullon Biscuits"
93ce76e4-af0d-4cfb-b3c5-9c082b56da61,Burger Knï¿½ï¿½cke Gmbh & Co,Burger Knäcke Gmbh & Co. Kg
47dd991a-48cd-42ef-9cbb-f17e73a4de81,Axion Esti Dimakopoulos A.A Organic Beekeepï¿½ï,Axion Esti Dimakopoulos A.A Organic Beekeepιng
2ac31f49-13b5-458c-8701-21f0ad49049d,Aachener Printenbï¿½ï¿½ckerei Klein,Aachener Printenbäckerei Klein E.K.
4bcefea6-9a13-4596-b53c-475de24b2fd1,Torres Filoso Viï¿½ï¿½a Y Bo,Torres Filoso Viña Y Bodega
4492aa3e-df21-4588-a5ab-8f5360f8a650,Petracastalda Societï¿½ï¿½ Agri,Petracastalda Società Agricola
ac3015cb-c762-48a0-ae6f-da3ba264314a,Bï¿½ï¿½ckerei Haverland Gmbh & Co,Bäckerei Haverland Gmbh & Co. Kg
f889475a-850c-40a6-b670-fdf3cf78d3fb,Gottfried Wicklein Gmbh & Co. Kg Nï¿½ï¿½rnberger Lebkuchen Und Gebï¿½ï¿½ckspezia,Gottfried Wicklein Gmbh & Co. Kg Nürnberger Lebkuchen Und Gebäckspezialitäten
6108ca4d-230c-4eca-a9ae-a4a6e806a771,Okrï¿½ï¿½gowa Spï¿½ï¿½ï¿½ï¿½dzielnia Mleczarsk,Okręgowa Spółdzielnia Mleczarska W Łowiczu
58203528-526f-4604-af84-a198c41a792d,Torrefazione Lucchese Del Caffï¿½ï¿½ S.,Torrefazione Lucchese Del Caffè S.R.L.
eada193f-f1f0-47d1-9c05-8ec68d39e2b3,Alpenhain Kï¿½ï¿½sespezialitï¿½ï¿½,Alpenhain Käsespezialitäten Gmbh
b1c63386-7ba8-424a-a623-04e99b3f4f23,Pesce Azzurro Cefalï¿½ï¿½,Pesce Azzurro Cefalù Srl
94da9751-305b-44ef-9956-359a8a59610b,Goldsteig Kï¿½ï¿½sereien Bayerwald,Goldsteig Käsereien Bayerwald Gmbh
57c302bf-63c6-4c8c-ba0b-0711ef7e28f4,Gï¿½ï¿½nthart & Co,Günthart & Co. Kg
0722d98e-3585-49eb-aa7e-7068b4c134b8,Girrbach Sï¿½ï¿½ï¿½ï¿½warende,Girrbach Süßwarendekor Gmbh
c71b915f-9cec-4f79-8b97-93ebdfca0613,"Frimancha Industrias Cï¿½ï¿½rnicas, S","Frimancha Industrias Cárnicas, S. A."
754cca5d-341a-4074-bbf3-7603f368ab09,Polski Chï¿½ï¿½ï¿½ï¿½d,Polski Chłód / Nevera
b8cce3d0-0870-4234-a1b4-31929aab258e,Bracia Ziï¿½ï¿½ï¿½ï¿½kowscy - Palar,Bracia Ziółkowscy - Palarnia Kawy
abfba67a-5b3c-4878-a0e7-636297b2a72a,Sery Smaï¿½ï¿½one Frï¿½ï¿,Sery Smażone Frąckowiak
542640ab-742f-4f4f-810e-39d3e0ddaebc,Ralï¿½ï¿½,Ralò Srl
8413d195-d689-49b0-914b-3bf2b200b952,Salaisons De La Semois Pï¿½ï¿½tï¿½ï¿½s Et Salais,Salaisons De La Semois Pâtés Et Salaisons S.A.
19533506-b51b-41b0-bfb5-31842335e719,Pï¿½ï¿½rtikas Un Veterinï¿½ï¿½rais,Pārtikas Un Veterinārais Dienests
967eb42e-1164-4e87-bc11-28763668eff2,Oï¿½ï¿½ Gurmeek,Oü Gurmeeklubi
be8dcd44-d29b-48b4-ae41-d5a6817e0ff6,Froxï¿½ï¿,Froxá Sa
6c1111ed-041c-4c60-b727-68d3c6d7953e,Prï¿½ï¿½n,Prāna Ko
33c7668d-c448-4f93-80d9-518823c1783f,Ingredï¿½ï¿½s,Ingredíssimo
d950ba41-fa2a-466e-b1a5-40f87c2e53ab,Chiadï¿½ï¿½a Dr,Chiadía Drinks
86be1ef8-337d-4874-a69d-9ed8d5a5c63b,Jaï¿½ï¿½ncoop G,Jaéncoop Grupo
35a5e99a-2a50-4252-b81c-e462060979fe,Cremo Sa - Von Mï¿½ï¿½hl,Cremo Sa - Von Mühlenen
0bc36e32-819e-4c48-9933-ed16262de7c2,Tradycyjna Wï¿½ï¿½dzarnia Warmiï,Tradycyjna Wędzarnia Warmińska
8747dc80-7e61-4960-9fe0-a71a293c768d,Zï¿½ï¿½ger Frischkï¿½,Züger Frischkäse Ag
7769abcd-9147-4b27-8109-de3cf3f71b11,Adm International Sï¿½ï,Adm International Sàrl
f0d6641e-b672-4274-ad56-81497101f4d2,Jamones De Serï¿½ï¿½n C,Jamones De Serón Checa
6b963ab5-ca12-4020-a287-7ad9e62242ba,Vins Gï¿½ï¿,Vins Gèniu
d52c813b-1058-4d2f-9a0e-4d74ee6fce14,Tarsmak Gondek I Wspï¿½ï¿½lnicy Spï¿½ï¿½l,Tarsmak Gondek I Wspólnicy Spólka Jawna
ff5cee91-d818-4cc4-976f-4652be0009f6,Gudrie Graudi (Sia Otaï¿½ï¿½ï¿½ï¿½u Dzirn,Gudrie Graudi (Sia Otaņķu Dzirnavnieks)
c50375cf-0d9f-4a60-91e6-9511664a63d8,Interprofession Tï¿½ï¿½te De M,Interprofession Tête De Moine
cbe4d646-f617-4731-b784-d776c99bef64,Fundacja Hodowcï¿½ï¿½w Polskiej Biaï¿½ï¿½,Fundacja Hodowców Polskiej Białej Gęsi
9bd31089-2b18-4a10-8850-cacf5bfe1aab,Yotuel Bodegas Y Viï¿½ï¿½edos Gallego Zapatero,Yotuel Bodegas Y Viñedos Gallego Zapatero S.L.
c769b87a-3709-4d08-8e25-8534c7c4d1f9,"Ramon Cusinï¿½ï¿½ Hill, S.","Ramon Cusiné Hill, S.A.U."
23164f4f-75a9-48ae-99c8-3566639dfe4b,Salomï¿½ï¿½n Spices B,Salomón Spices Brand
29cf89a0-b307-4fde-9eb0-c471d3005597,Consejo Regulador Dop Mejillï¿½ï¿½n De Gal,Consejo Regulador Dop Mejillón De Galicia
f6006f7f-41a4-41ae-a37f-70a2111d29d8,Interprofession Du Gruyï¿½ï,Interprofession Du Gruyère
c00887d0-83cb-44bb-8f81-69d768e996e7,Caï¿½ï¿½a Na,Caña Nature
d9288510-5581-49d5-9131-b27ca96157a1,Embutidos Cardeï¿½,Embutidos Cardeña
e00fe187-3e88-401c-9bd3-5d154f860381,Embutidos Peï¿½ï¿½a,Embutidos Peñacruz
2f8a29a8-87fc-498a-ab2d-79077d7b9489,Villars Maï¿½ï¿½tre Chocolatie,Villars Maître Chocolatier Sa
18c85c31-ff2f-4a33-aea0-a77c298eb042,Bodega Viï¿½ï¿½a Santa Petro,Bodega Viña Santa Petronila
67285308-4294-41b9-a9a6-6dd223c0505c,Familia Marï¿½ï¿½ Ma,Familia Marí Mayans
4a0b90ea-1f27-4ee5-820c-0ec9781ec0cf,Walo Von Mï¿½ï¿½hl,Walo Von Mühlenen
8e8c1866-eba3-4d1d-8990-a3bf72f7048e,Oficina Espaï¿½ï¿½ola De Patentes Y Ma,Oficina Española De Patentes Y Marcas
2717691b-9f26-4233-a8dd-34c300dda117,Bodega Manuel Aragï¿½,Bodega Manuel Aragón
ee500440-98e5-46df-b9bc-9eeba6ed4e98,Bodega A. Muï¿½ï¿½oz Cabrera Di,Bodega A. Muñoz Cabrera Dimobe
7b50df11-48af-4e46-9dc2-7fbf3d4f540a,Sablï¿½ï¿½ Gou,Sablé Gourmet
9c0667f2-acb6-4ed6-a21e-bb5735c4c3b2,Pago Baldï¿½ï¿½os San Ca,Pago Baldíos San Carlos
032ab1f2-adf1-4e04-9328-fbe42ab042b9,Bioterrï¿½ï¿,Bioterráneo
7a798d5c-46e7-4903-94bd-3d78ce6c2a2b,Farmi Piimatï¿½ï¿½ï¿½ï¿,Farmi Piimatööstus As
63312309-0f03-49c9-9426-9f4e411f301c,Bodegas Latï¿½,Bodegas Latúe
825684c9-3d62-4708-b2ec-f239f9878dd6,Los Romeros De Alanï¿½,Los Romeros De Alanís
b8e3a753-de9b-4ac0-befb-3f90b0ea75ee,Los Remedios Embutidos De Serï¿½,Los Remedios Embutidos De Serón
fa5d3b60-60ce-499a-9d81-20a1f6a4c9fc,"Cesar Nieto Ibï¿½ï¿½rico, Carne Y Jamones -Premium-Meat &","Cesar Nieto Ibérico, Carne Y Jamones -Premium-Meat & Hams"
da46d64c-e9ca-46b8-b921-876025b1c6b8,Porto-Muiï¿½ï¿½os,Porto-Muiños S.L.
dcefab26-d60f-48b3-97ad-fc34f9575334,"P.P-H ""Okruszek"" Tomasz Jarosiï¿½ï¿","P.P-H ""Okruszek"" Tomasz Jarosiński"
45539b75-7f89-4b57-8ba3-2e286de4f108,Perusiï¿½ï,Perusiñas
6f76c57f-bd2e-42c6-a650-68e5debff86e,"Ogï¿½ï¿½lnopolskie Stowarzyszenie Przetwï¿½ï¿½rcï¿½ï¿½w I Producentï¿½ï¿½w Produktï¿""Polska Ekologia","Ogólnopolskie Stowarzyszenie Przetwórców I Producentów Produktów Ekologicznych ""Polska Ekologia"
f2e141d0-382b-454f-b45c-39b230f008f9,Jamones Eï¿½ï¿½riz Ja,Jamones Eíriz Jabugo
2f351906-3513-44ef-8e69-6f688c5396ba,Chocolates Clavileï¿½,Chocolates Clavileño
2bfb5fd6-4038-41d9-aa83-92c52a8e6040,Pefrï¿½,Pefrán
3ee63b69-496d-4e10-b829-d4de0db03779,Destilerï¿½ï¿½as,Destilerías Raza
e2f5770f-c84f-419a-9afa-a083777ecb77,Nudle ï¿½ï¿½lï¿½ï¿½,Nudle Śląskie Bio
43e95ee4-c6fa-4687-8d12-420972f687ee,Owocowe Smaki Spï¿½ï¿½ï¿½ï¿½ka Z Ograniczonï¿½ï¿½ Odpowied,Owocowe Smaki Spółka Z Ograniczoną Odpowiedzialnością
ab50661f-8b06-4834-a781-b9d0d38b2f04,Owolovo Sp. Z O.O. Komandytowo ï¿½ï¿½ï¿½ A,Owolovo Sp. Z O.O. Komandytowo – Akcyjna
e1b5eac7-f782-4076-8695-1c0b057bc565,Eguï¿½ï¿½a Food Fac,Eguía Food Factory
3227c843-37e3-4fb4-833c-b918617b7135,"Conservera Castreï¿½ï¿½a,","Conservera Castreña, S.A."
c1c18046-eb03-4b3e-a7da-cda7da017c4d,On Lemon I Wspï¿½ï¿½l,On Lemon I Wspólnicy
000e2431-8f21-4a9c-a1e3-ba6e5b3f4300,Hijos De Josï¿½ï¿½ Serrats,Hijos De José Serrats S.A.
0a2d87e8-f521-4c01-9bc3-0e6627f7e7f1,Jk Sp. Z O.O. - Zm Jasioï¿½ï,Jk Sp. Z O.O. - Zm Jasiołka
fb3cf0e5-ff15-4e87-ad79-7a8bdac82281,Cfed Espaï¿½ï¿½a,Cfed España S.L.
df1d5f0d-81f9-46c1-9e8c-475f6b997ead,Jamones Durï¿½ï¿,Jamones Duríber
ef56d451-9fe7-46b6-b806-02885a95bfb0,Acciona Energï¿½,Acciona Energía
a6790dfe-9bc9-42af-bfed-15d77629ce88,Lï¿½ï¿½ctics U,Làctics Ubach
d97a14b4-bd00-4c1f-a3f8-d26fa9ebc502,1725 Ingenio Nuestra Seï¿½ï¿½ora Del Ca,1725 Ingenio Nuestra Señora Del Carmen
2a745f88-5e1d-4eff-b965-e585c453ece6,Grï¿½ï¿½jec Emil Nato,Grójec Emil Natorski
6569d968-d34d-4bf8-8fe9-8f4206935c81,Dreimeister Spezialitï¿½ï¿½ten Gmbh & Co,Dreimeister Spezialitäten Gmbh & Co. Kg
01cdb950-93e2-40eb-bf74-76f45fd73e2c,Eichetti Confect Spezialitï¿½ï¿½ten A. Eichelmann Gmbh & Co,Eichetti Confect Spezialitäten A. Eichelmann Gmbh & Co. Kg
cc7c5602-44c4-4b54-af87-3c0a959ead02,Industria Agroalimentaria Del Condado Jaï¿½,Industria Agroalimentaria Del Condado Jaén
e9383100-ccae-467f-9bf8-28b9a9a8f3b7,Hï¿½ï¿½lshorst Feinkost,Hülshorst Feinkost Gmbh
d9fac270-0d7f-49c9-ad1e-c51ae68b1b40,Dï¿½ï¿½inghaus Cutting And More Gmbh & Co,Döinghaus Cutting And More Gmbh & Co. Kg
c3831221-3b98-461e-a89c-6620b24532b5,La Embajada Del Jamï¿½ï¿½n / Virtus Ibï¿,La Embajada Del Jamón / Virtus Ibérica
20c165f5-834b-4379-a7e5-2597820d0b24,Chï¿½ï¿½odnie Skï¿½ï¿½adowe R,Chłodnie Składowe Real S.A.
1cdd8bfc-708f-49f5-8146-12d75031bc1d,Pieroï¿½ï¿½ek Ar Szelc S,Pierożek Ar Szelc Sp.J.
8bd733b6-5dcd-4102-b7af-8d044dfa3651,Wiesenhof Geflï¿½ï¿½gel-Kontor,Wiesenhof Geflügel-Kontor Gmbh
879317ad-3dad-428e-80c6-dceb441e221e,Grupo Diseï¿½ï¿½o,Grupo Diseños Nt
9977daf6-7564-4539-9b6d-22c9c76a88dc,Deutsches Tiefkï¿½ï¿½hlinstitut,Deutsches Tiefkühlinstitut E.V.
fcc8d723-ba0e-474d-a4ff-f5b198af8888,Fundaciï¿½ï¿½ Eur,Fundació Eurecat
2b9683b3-bab4-4aee-8f3a-dfaf73652f17,Glez Importaï¿½ï¿½ao & Exportaï¿½ï¿,Glez Importaçao & Exportaçao Lda.
80a85e8a-5ddc-4b51-abea-96f6372559cf,Fundacion Valle Salado De Aï¿½ï¿½ana Aï¿½ï¿½anako Gatz Harana F,Fundacion Valle Salado De Añana Añanako Gatz Harana Fundazioa
ef4b1f98-a887-4176-9237-9e41ca778840,Ibï¿½ï¿½ricos Calderï¿½ï¿½n Y Ramos-Estrella De,Ibéricos Calderón Y Ramos-Estrella De Castilla
c9b6c3c0-32c1-4579-8a97-d64b949ea382,El Caserï¿½ï¿½o,Caramelos El Caserio
eee7a9e6-9c99-4d97-8605-b779f1b479f5,Don Sabor Pimentï¿½ï¿½n Y Espe,Don Sabor Pimentón Y Especias
9c16930c-b44c-4d6a-8e53-8d73774a6c0c,Weingut Rï¿½ï¿½me,Weingut Römerhof
96d2fa5d-7309-460a-b777-5f5057cad2f2,Bodegas Muï¿½ï¿,Bodegas Muñana
1c3bec3b-9169-4ffa-bbf2-0e456a1da19e,Caffï¿½ï¿½ Mauro S.,Caffé Mauro S.P.A.
37e3d288-0080-40fb-84a6-3321f8debcda,Carn De Caï¿½ï¿½a De Catal,Carn De Caça De Catalunya
49406955-d270-4d30-a996-f2427f76caa7,Cerveza Raï¿½ï¿½z Cuad,Cerveza Raíz Cuadrada
70746648-6c7c-4607-9ac9-74d709bf2a36,Bioland Sï¿½ï¿½dt,Bioland Südtirol
e0e1ec96-6432-4b31-a411-c7f33cfd3605,Buscï¿½ï¿½ndome Las Habichu,Buscándome Las Habichuelas
7846b084-df57-4976-80a2-fab82867847b,Cortilia S.P.A. Societï¿½ï¿½ Ben,Cortilia S.P.A. Società Benefit
4d7bec1f-c4af-4cf2-b5c2-c134f4f8e3e3,Bodegas Navarro Lï¿½ï¿,Bodegas Navarro López
ae324da9-5563-4dc4-a531-ef2e640da575,Btsa Biotecnologï¿½ï¿½as Aplic,Btsa Biotecnologías Aplicadas
47bfe788-e34d-449d-ad88-0db32dd98aa7,Consorcio Del Chorizo Espaï¿½ï,Consorcio Del Chorizo Español
7f213625-cbdf-4423-8281-eec0ef748abe,Brontese ï¿½ï¿½ï¿½ Sicilian Pistachio F,Brontese – Sicilian Pistachio Farming
8dfaa930-14f2-4f74-b2b1-57d3acd53d4a,Biobï¿½ï¿½,Biobética
0f0f0d79-c40d-45c2-9494-23cda8e7268d,Yurrita Group - Rubio Gï¿½ï¿½n,Yurrita Group - Rubio Gándara
40ae629b-fccd-41b7-aff5-3bbf2e4592e7,Cï¿½ï¿½rdoba Selecta-Diputaciï¿½ï¿½n De,Córdoba Selecta-Diputación De Córdoba
ed8eb1bd-c429-435d-a80e-734dbc5732dd,D.O.P. Pimentï¿½ï¿½n De La,D.O.P. Pimentón De La Vera
87f09a90-efee-45e3-ac88-499c37bffe0f,Construcciones Frigorï¿½ï¿½ficas Cru,Construcciones Frigoríficas Cruz Sl
8193d5af-318c-408a-9d11-b055e38611a2,Borgo Titol Societï¿½ï¿½ï¿½ï¿½ï¿½ Agr,Borgo Titol Societֳ€ Agricola S.S.
c9db5c67-6b26-429f-ab28-66d6e9b78074,Cuscï¿½ï¿½ B,Cuscó Berga
7c2bf0e4-247c-4d6b-ba28-eb79e8978388,Peï¿½ï¿½a De B,Peña De Baena
0ce5fe64-b978-4b59-907b-9fdb22f1eb30,Cuï¿½ï¿½,Cuétara
c7c60468-2924-4fce-ac78-478fa7d3709a,Cristalco Ibï¿½ï¿½rica De Distribuciï¿½ï¿½n Y Tradi,"Cristalco Ibérica De Distribución Y Trading, S.L."
3b6f5de6-734a-44c3-ac29-e48956a04230,Crdop Jamï¿½ï¿½n De Teruel / Paleta De Te,Crdop Jamón De Teruel / Paleta De Teruel
0ccc92b2-e049-4f02-87d5-b278f5446dc9,Cr Igp Aceite De Jaï¿½,Cr Igp Aceite De Jaén
d6f44a96-7b9a-414f-a344-e28784c50b01,Crdop Sierra De Cï¿½ï¿,Crdop Sierra De Cádiz
7ecf0398-f357-421a-8f9c-109820b53a38,Dï¿½ï¿½hler,Döhler Gmbh
820585fc-5899-44c0-86b4-890c05d0f0d6,"Ciudad De Jaï¿½ï¿½n, S","Ciudad De Jaén, S.C.A"
84f4347e-9cb7-4ad3-abb0-be25d9c2440f,Crigp Carne De Vacï¿½ï¿½n De Gal,Crigp Carne De Vacún De Galicia
9aa3f077-5676-402f-9623-bc5a051ec2ac,"Clun, Cooperativas Lï¿½ï¿½cteas Un","Clun, Cooperativas Lácteas Unidas"
15a4d947-1991-47e3-b8d5-39e85bf6ca40,Dulce De Leche Mï¿½ï¿½,Dulce De Leche Márdel
76261bac-0113-469e-801a-0fe6fef716b7,Wasgau C + C Groï¿½ï¿½handel,Wasgau C + C Großhandel Gmbh
c1b58f63-f202-4f7d-ac36-4b55d01ec2cd,Nestle Espaï¿½,Nestle España
106e7053-3262-491a-8860-49f70601adf9,M.G.Setas De Castilla Y Leï¿½,M.G.Setas De Castilla Y León
cd2e5ae3-6f57-4590-9cbe-6684eee0f55b,Sal De Aï¿½ï¿½ana - Aï¿½ï¿½ana,Sal De Añana - Añanako Gatza
ef65359f-2086-483d-bcf2-5cbb33be19ea,Germï¿½ï¿½n Baena S.,Germán Baena S.C.A.
b595e20f-5b32-44c0-9f7f-4430115aed1e,Gallicoop Pulykafeldolgozï¿½ï¿½,Gallicoop Pulykafeldolgozó Zrt.
5859c70e-e247-4a39-a051-365ecf7741e4,Fru Bak's Smï¿½ï¿½k,Fru Bak's Småkager
2bb7efaa-79b7-4588-8d75-1b17c2bd2133,Frost A.S. Preï¿½ï,Frost A.S. Prešov
7b172157-f96e-427b-9027-4a9b018acb1c,Gasa Odense Frugt-Grï¿½ï¿½nt A.M.,Gasa Odense Frugt-Grønt A.M.B.A.
8f726091-69c9-40e6-a371-316374d03607,Funkciniai Gï¿½ï¿½rimai,Funkciniai Gėrimai Jsc
41e281bc-20d4-4ed4-b419-dabf16a2fbef,Engrotuï¿½ï¿½ D.,Engrotuš D.O.O.
a80f8a97-c376-4a47-aef0-279b04054dda,Egger Getrï¿½ï¿½nke Gmbh & C,Egger Getränke Gmbh & Co.Og
6603b2ed-c100-49b5-ab6b-3fc6b9456df0,Delibake I ï¿½ï¿½rebr,Delibake I Örebro Ab
2be40970-97d5-4da2-96aa-54351ba840ce,Jens Mï¿½ï¿½ller Products,Jens Möller Products Aps
5fa6de25-942a-41b5-91f2-1c4d742ebc0c,Gregor Strniï¿½ï¿½a,Gregor Strniša S.P.
f92981d5-c760-4065-bbb8-5cf5d2b6f565,Hermann Pfanner Getrï¿½ï¿½nke,Hermann Pfanner Getränke Gmbh
7efb922d-bf8f-47d8-ba47-3dc354af86a1,Die Kï¿½ï¿½semacher,Die Käsemacher Gmbh
0e360f85-d455-4175-8965-b5ebcaa2c5fe,Llet Nostra Alimentï¿½ï¿½ria,"Llet Nostra Alimentària, Sl"
4de3bc5e-3733-4ac5-a02c-6249bef3e80c,Polska Wytwï¿½ï¿½rnia Papierï¿½ï¿½w Wartoï,Polska Wytwórnia Papierów Wartościowych
3c5cb779-41ef-4ac0-93a1-260b29f6a026,Zï¿½ï¿½st,Zùsto Nv
e0f243f9-1cf4-4a9d-800d-75961f968622,La Estepeï¿½,La Estepeña
ac19d4eb-24f4-49f7-b276-727edb6c9615,Gofio La Piï¿½,Gofio La Piña
75d56e16-7fbb-46cb-b6b5-21d3d7421afd,Esencia Andalusï¿½ï¿½ Gourmet,Esencia Andalusí Gourmet Slu
cc27700e-f325-4d24-84c0-17343d572147,Kambly Sa Spï¿½ï¿½cialitï¿½ï¿½s De Biscuits,Kambly Sa Spécialités De Biscuits Suisses
b75413c3-2779-4148-bfd9-05f109b972cf,Nordic Boba ï¿½ï¿½ï¿½ D,Nordic Boba – Denmark
8c7b7b33-e7ce-4f80-862b-ae10cb08c77c,Pica ï¿½ï¿½ï¿½ Druï¿½ï¿½tvo Kuharjev In Slaï¿½ï¿½ï¿½ï¿½,Pica – Društvo Kuharjev In Slaščičarjev Slovenije
8da45e69-2b96-4738-92cb-8863582df4bc,Nï¿½ï¿½o Lihatï¿½ï¿½ï,Nõo Lihatööstus As
b6cc7c15-7292-45b7-8397-0eb967a1dd57,Valeï¿½ï¿½s. Sia,Valežs. Sia Rkf
95464fa6-56e3-4b50-9957-769457fe9d9b,Nestlï¿½ï¿½,Nestlé S.A.
cad262d3-0e50-4759-a25f-86bf3ccf4067,Mï¿½ï¿½venpick Holdin,Mövenpick Holding Ag
a35f2e11-25f1-4a15-8026-41f2a3a9cc0b,Veselï¿½ï¿½bas Laborato,Veselības Laboratorija
b151edd1-7a17-49c9-b006-b4e5243cf9df,Latvijas Lauku Konsultï¿½ï¿½ciju Un Izglï¿½ï¿½tï¿½ï,Latvijas Lauku Konsultāciju Un Izglītības Centrs
b8ac7201-87f5-4600-8013-0aca156e8b3d,Linnamï¿½ï¿½e Lihatï¿½ï,Linnamäe Lihatööstus
1e83dd2a-e7d6-4c9f-b9fb-3902f8a449ea,Latvijas Iepakojuma Asociï¿½ï¿½,Latvijas Iepakojuma Asociācija
4f5514c3-dad5-4281-9317-a9904423c0d8,Latvijas Permakultï¿½ï¿½ras Biedrï¿½ï¿½ba / Latvian Permaculture Ass,Latvijas Permakultūras Biedrība / Latvian Permaculture Association
22936e7c-5b13-41d3-bd9e-89c9205bacb7,Lï¿½ï¿½bas,Lības Sia
371d5562-45a5-4425-ab40-8b2f94b629b9,Mï¿½ï¿½tra,Mētras Zs
d0de1bca-d55e-46ee-9969-30e70db205b8,Maiznï¿½ï¿½ca Liepkalni / Liepkalni Ba,Maiznīca Liepkalni / Liepkalni Bakery
2ea256fd-63a3-461b-bc3a-d583db9eb18e,Futbolï¿½ï¿½,Futbolín Ac
c3c7a408-ca8d-4574-98f3-41f94e670f71,Latvijas Biï¿½ï¿½kopï¿½ï¿½bas B,Latvijas Biškopības Biedrība
478a9ebc-c986-4309-a38f-95f1774effad,So Appenzeller Kï¿½ï¿½se,So Appenzeller Käse Gmbh
a37fe10e-2c78-40f3-a80e-33c2f194abf0,Saldus Pï¿½ï¿½rtikas Kombin,Saldus Pārtikas Kombināts
7b54e503-79e5-4ff0-acbb-7fd7e6de4258,Saku ï¿½ï¿½lletehas,Saku Õlletehase As
cc4d12e4-7743-48c3-bae7-e235ea02f434,Schweizerische Genossenschaft Fï¿½ï¿½r Weich- Und Halbhartkï¿½ï¿½sefab,Schweizerische Genossenschaft Für Weich- Und Halbhartkäsefabrikanten
73e2c834-3cd6-422d-9d83-68e8fd2e4267,Skrï¿½ï¿½veru Mï¿½ï¿½jas Sa,Skrīveru Mājas Saldējums
4d645837-6a21-43ed-b9c3-f03302b3053a,Rï¿½ï¿½m,Rāmriti
2f8fb767-e17e-4fa7-b4bb-523b451c7321,Polskie Mï¿½ï¿½yny Sp. Z.,Polskie Młyny Sp. Z.O.O.
c6f93d93-f724-4861-9da9-0f9c1c52b9a0,Ciechanowska Spï¿½ï¿½ï¿½ï¿½dzielnia Ml,Ciechanowska Spółdzielnia Mleczarska
7b080741-f23e-4c5f-95bd-cf6e6c625e4c,A&E Solutions Consultants Ltd ï¿½ï¿½ï¿½ Artima Food Ingre,A&E Solutions Consultants Ltd – Artima Food Ingredients
2e336d85-0e08-4761-9ffd-221dacbc7e7b,Kelet-Fï¿½ï¿½ldgï¿½ï¿½p Kft. - Hungaria,Kelet-Földgép Kft. - Hungarian Pigeon
fe5e6dad-690a-4f6f-9f22-a44d3f7abe10,Nemlï¿½ï¿½ko S.,Nemléko S.R.O.
7c94aaa8-cd26-42dc-8ce2-6496669dfa38,Cï¿½ï¿½rï¿½ï¿½lia Netherla,Cérélia Netherlands B.V.
0f94ed1c-be48-4589-9a97-ab927fd82235,Sonnentor Krï¿½ï¿½uterhandels,Sonnentor Kräuterhandels Gmbh
354046a6-77e4-4846-8c36-b02afe1d66bf,Trinkt Glï¿½ï¿½ck,Trinkt Glück Gmbh
bd938a11-99da-4c21-b56d-1423b085c512,Nyï¿½ï¿½kers Pepparkako,Nyåkers Pepparkakor Ab
9ef99937-009e-4d9c-abe4-10bb79072a96,Pivovarna Bevog ï¿½ï¿½ï¿½ Bevog,Pivovarna Bevog – Bevog D.O.O.
1338b5c1-9d59-43a3-b288-90ef1cf2a1cf,7 In ï¿½ï¿½ï¿½ 7Ievos,7 In – 7Ievos Namai
95af924c-a69e-4f12-8abe-1d65f5146c32,Atlantic Droga Kolinska D.O.O. ï¿½ï¿½ï¿½ Ba,Atlantic Droga Kolinska D.O.O. – Barcaffe
5db9f2d1-d99e-4cdc-9844-abb26c9db06a,Adalï¿½ï¿½kmentesen,Adalékmentesen Ltd.
3976e5f8-a0d0-4710-9994-f6aba4645c9e,Sokoï¿½ï¿,Sokołów
819c16f3-22ac-40fb-a807-9f6e7adbe489,Euro Pï¿½ï¿½tisserie Producties-Tw,Euro Pâtisserie Producties-Twello
e642085d-0698-4e8a-aedc-7bab3c4af7b7,Targowisko Dobre Bo Nasze Warmiï¿½ï¿½sko - Mazur,Targowisko Dobre Bo Nasze Warmińsko - Mazurskie
ed9ce500-4cfd-427f-8cce-8181ce0d20ac,Rab Jaï¿½ï¿½yniec Sp. J,Rab Jażyniec Sp. Jawna
4656d18e-eade-41dd-b81a-2833d76f7340,Brzeï¿½ï,Brześć
1cf9ca13-cf5c-4585-bf08-549836347551,"Dom Duarte - Indï¿½ï¿½stria De Produtosalimentares,","Dom Duarte - Indústria De Produtosalimentares, Lda."
692a6a8a-9597-4d96-8b9a-c58e8f937168,Ilhopan - Panificaï¿½ï¿½ï¿½ï¿½o E Pastel,Ilhopan - Panificação E Pastelaria Lda
d92bad0d-8e13-4dca-b6ee-34b9acb4f05f,Kï¿½ï¿½serebellen,Käserebellen Gmbh
bdf64345-4f3d-467a-b6da-daf3d40fbc32,Worlï¿½ï¿½e Naturprodukte,Worlée Naturprodukte Gmbh
342a729f-86e5-4753-b238-6f5393747189,Modersohn's Mï¿½ï¿½hlen- Und Backbetrieb,Modersohn's Mühlen- Und Backbetrieb Gmbh
d968b8df-45de-46a6-98a5-9dc1079447b0,Naturkost ï¿½ï¿½belhï¿½ï¿½r Gmbh,Naturkost Übelhör Gmbh & Co. Kg
e964e19e-8efc-409f-b9d7-177b64315434,Mï¿½ï¿½ller Fleisch,Müller Fleisch Gmbh
ac0a699b-d899-427f-916a-bc9979f4b2d2,Lï¿½ï¿½ls,Lölsberg
9410f3ab-9bb3-48d1-86fa-390a36e2e5a7,Luï¿½ï¿½s Silvï¿½ï¿½rio,Luís Silvério & Filhos
dd67edf3-318e-46dd-8082-1fbea6499d4e,Schwarzwï¿½ï¿½lder-Eismanufaktur,Schwarzwälder-Eismanufaktur Gmbh
a8104c43-fece-4171-a429-d172f9de8b49,Termofilm - Embalagens Tï¿½ï¿½cnicas,Termofilm - Embalagens Técnicas Lda
f80ccc1d-a804-4f06-975c-70670f27ceea,Panike - Indï¿½ï¿½stria De Produtos Alimentares Congelados,"Panike - Indústria De Produtos Alimentares Congelados, Sa"
09d1aff9-f24c-45d7-8626-4799f822eb38,Jermi Kï¿½ï¿½sewerk,Jermi Käsewerk Gmbh
ba81c933-47a2-4549-8c86-0050e7ff1168,Principessa's Mï¿½ï¿½nchen,Principessa's München Gmbh
47bece54-6cdb-462e-8d54-aae4811cfe19,Stereo Holland-Gebï¿½ï¿½ck Gmbh & C,Stereo Holland-Gebäck Gmbh & Co Kg
f0424fbc-2139-4833-8ae4-d33f0c4f48fa,Reber Spezialitï¿½ï¿½ten - Paul Reber Gmbh & Co,Reber Spezialitäten - Paul Reber Gmbh & Co. Kg
143536b2-701c-4ecd-a2bb-2b8ccbd8dc17,Prolacto - Lacticï¿½ï¿½nios De Sï¿½ï¿½o Mi,"Prolacto - Lacticínios De São Miguel, Sa"
344c13bd-1fd8-4eae-9b01-c8eb9a67c908,Bï¿½ï¿½nting Groï¿½ï¿½handel Und Service Gmbh,Bünting Großhandel Und Service Gmbh & Co. Kg
7ee5b58c-fce1-4f78-a021-66ca8bd70636,Delta Einzel Und Groï¿½ï¿½handel,Delta Einzel Und Großhandel Gmbh
30a4a893-c5a4-4bfb-a47a-47b78ba30dc6,Brauerei Fï¿½ï¿½rstlich Drehna,Brauerei Fürstlich Drehna Gmbh
829947ad-ed81-473c-80bd-6e18f4702069,"Choconasa - Comï¿½ï¿½rcio De Representacoes,","Choconasa - Comércio De Representacoes, Lda"
4fdc7e27-52ea-4bfe-abff-b7fc73029f46,Brace Gmbh Chemie-Plastics-Datasystems-Esthï¿½ï¿½ti,Brace Gmbh Chemie-Plastics-Datasystems-Esthétiques
33d1fa1e-4367-4316-bb17-4d05ca2d9fca,Ada Mï¿½ï¿½ller H,Ada Müller Honey
71a843bd-a63c-4147-a9c8-a520f917f206,Alpirsbacher Klosterbrï¿½ï¿½u Glauner Gmbh & C,Alpirsbacher Klosterbräu Glauner Gmbh & Co.Kg
ef43d769-2b78-4510-9144-bd91fdd0e512,Bio-Backhï¿½ï¿½usle,Bio-Backhäusle Gmbh
74545b13-d3d5-4153-8706-3d53fd13789e,Getrï¿½ï¿½nkewerk Gieï¿½ï¿,Getränkewerk Gießen Gmbh
54b911d6-ab7e-4a8a-b234-87f6e7b1b041,Bayer. Pilze & Waldfrï¿½ï¿½chte Uwe Niklas,Bayer. Pilze & Waldfrüchte Uwe Niklas Gmbh
f4abc86e-3366-4d84-b333-e15aa7f5213c,Bicafï¿½ï¿½ - Torrefacï¿½ï¿½ï¿½ï¿½o E Comï¿½ï¿½r,Bicafé - Torrefacção E Comércio De Café Lda
539190fe-7f28-47e6-a5de-ed69fe62189e,Frostkrone Tiefkï¿½ï¿½hlkost,Frostkrone Tiefkühlkost Gmbh
709c4aef-e14e-482f-8e13-e2e4a9aeb323,Ipesa Balanï¿½ï¿½as E Basculas Electron,Ipesa Balanças E Basculas Electronicas
81da7116-3425-4409-b019-ab34cdb473aa,Zakï¿½ï¿½ady Miï¿½ï¿½sne Mi,Zakłady Mięsne Mielczarek
7299f324-fee6-4133-bd03-b6358e286c4e,Zakï¿½ï¿½ad Miï¿½ï¿½sny Sma,Zakład Mięsny Smak-Górno
5ff3c96a-abfc-497d-b752-c200d39ec5e7,Zaklady Przetwï¿½ï¿½rstwa Miesnego Grot Sp. Z,Zaklady Przetwórstwa Miesnego Grot Sp. Z O.O.
c3acc8cf-c866-401b-97ea-7d002b4ca64d,Bakerï¿½ï¿½ï¿½S,Baker’S Dough
e53930f9-38c8-46ca-8bc1-4afa5a3e7634,Bezmiï¿½ï¿,Bezmięsny
ec894715-aada-471a-a0d1-34101b6eb84b,Z.P. Omar - Paweï¿½ï¿½ Okï¿,Z.P. Omar - Paweł Okólski
fa92d7f4-ba6c-4f6d-8e84-4e8392847633,Beliï¿½ï¿½s - Pietercil G,Beliès - Pietercil Group
0aa8b092-0695-4361-8171-384fd3c09d69,Gospodarstwo Rolne Alina I Mirosï¿½ï¿½aw Roma,Gospodarstwo Rolne Alina I Mirosław Romaniuk
03ef448d-c893-4393-8cab-07b23e485cab,Bifix Wojciech Piasecki Spï¿½ï¿½ï¿½ï¿½,Bifix Wojciech Piasecki Spółka Jawna
c17a202f-5f90-4cb4-a6ae-7c41903e9f8a,Axion Esti - Organic Beekeepï¿½ï¿½ng A.A.Dimakopo,Axion Esti - Organic Beekeepιng A.A.Dimakopoulos
4789170c-0668-459f-9ad5-3d827783d2da,Interchemall Zespï¿½ï¿½ï¿½ï¿½ Mï¿½ï¿½ynï¿½ï¿½w Je,Interchemall Zespół Młynów Jelonki Sp. Z O.O.
c7a681ef-9aa3-495f-bb16-283b85185956,Herve Sociï¿½ï¿½tï¿½,Herve Société S.A.
3478c7dd-20e8-403c-add5-65d1401a271a,"Heritage Industriï¿½ï¿½le Verpakkingen, Agenturen","Heritage Industriële Verpakkingen, Agenturen B.V."
3386cf51-99d1-4b7a-ac6c-ae3f7384cdc9,Wekownia - Rzemieï¿½ï¿½lnicze Weki Restaurac,Wekownia - Rzemieślnicze Weki Restauracyjne
74de4d04-43c9-486e-9c39-777638981049,Dï¿½ï¿½rr Kampe,Dörr Kampen Bv
4deb0b0d-cdd9-4e23-9ee8-7323a9f949a4,Dï¿½ï¿½lice Chocolat,Délice Chocolaterie
7a663746-0ca8-4646-aabd-27d6cdbba015,Dï¿½ï¿½bï¿½ï¿½r Nederl,Dübör Nederland B.V.
c973191a-62ac-4550-9cce-cd92ef825c73,Emix Spï¿½ï¿½lka Z Ograniczonï¿½ï¿½ Odpowiedzial,Emix Spólka Z Ograniczoną Odpowiedzialnością
86c43e49-0990-447d-a58c-eeb221509779,Wiatrowy Sad - Tï¿½ï¿½ocznia So,Wiatrowy Sad - Tłocznia Soków
8ddf17a2-22d7-47df-8857-c38626da6b23,Firma W.Lewandowski P.H.U. Wiesï¿½ï¿½aw Lewando,Firma W.Lewandowski P.H.U. Wiesław Lewandowski
c9d3ecab-aa04-4c69-befa-b2f67d236e39,Foodbrain International (L'Hï¿½ï¿½ritage Chocola,Foodbrain International (L'Héritage Chocolates)
5144c7df-f61e-44e5-b7ae-bbbf35bc09a4,Wrocï¿½ï¿½awski Park Technologiczny S.A. I Klaster Nutribi,Wrocławski Park Technologiczny S.A. I Klaster Nutribiomed
13ea9e40-57d0-4923-97b5-e07ca24b1455,Wojewï¿½ï¿½dztwo Mazowie,Województwo Mazowieckie
bdb8c906-5100-4851-8476-b36020590cb7,Wyrï¿½ï¿½b Wï¿½ï¿½dlin Tradycyjnych Adam Wï¿,Wyrób Wędlin Tradycyjnych Adam Węgłowski
7847a017-856a-42b9-a5bf-1818ba8148c7,Chocolaterie Carrï¿½ï¿½,Chocolaterie Carré Bvba
75c18952-2903-4011-bc8c-435c3a6a3e0a,Caffeï¿½ï¿½ï¿½ Luigi Hask,Caffe’ Luigi Haskos Ltd
731af7ea-1cea-46ef-89d3-243db8dd9dcc,Abeavï¿½ï¿½ï¿½ï,Abeavιοchυμ
480e271b-142e-4f69-a245-b474a993ecd5,Mï¿½ï¿½yn Batory Jerzy Karbo,Młyn Batory Jerzy Karbownik
f823d996-2c08-41af-81c2-9d65b972c559,Mï¿½ï¿½yn Niedï¿½ï¿½wiady A.Siewkows,Młyn Niedźwiady A.Siewkowski Sp.K.
81df01d8-b2ee-48e7-977e-3914e4d62058,Luk-Mar Grupa Producentï¿½ï¿½w Grzy,Luk-Mar Grupa Producentów Grzybów
fbd2cf55-3c1c-45b1-a0a1-af735fdac07f,Lubelskie Zioï¿½,Lubelskie Zioła
6fafa912-9d22-4ed6-8b19-fb900fdd5915,Natura Cold Press/Sï¿½ï¿½o,Natura Cold Press/Słońce
9a50c9f0-fb60-44a6-95dc-ca94372d1155,Na Zdrowie Edyta Wystï¿½ï¿,Na Zdrowie Edyta Występek
c0789c54-2b9b-4994-8f23-f043c740e66a,Madej Wrï¿½ï¿½bel,Madej Wróbel Ltd.
883fdf74-3134-42fd-b760-67a604aad893,Nalewki Staropolskie Karol Majewski I Wspï¿½ï¿½lnicy Sp. Z O,Nalewki Staropolskie Karol Majewski I Wspólnicy Sp. Z O. O.
9b7c6d4a-b8aa-47ea-a0fe-818040a39886,Kï¿½ï¿½nig Neder,König Nederland
382d770d-6d6b-4e1c-ad99-871026721739,Socamel Espaï¿½,Socamel España
24afa6e4-6ef0-4c20-90aa-3372e49031a3,Kollectiva ï¿½ï¿½.ï¿,Kollectiva Ι.Κ.Ε.
78cd3077-dd02-4c1e-a39d-26b8a59a4e90,Feinbï¿½ï¿½ckerei Otten Gmbh & Co,Feinbäckerei Otten Gmbh & Co. Kg
7c56a51a-eb7b-40a1-a6c5-326a23266325,Kykao Handcrafted - ï¿½ï¿½ï¿½ï¿,Kykao Handcrafted - Κυκαω.
51f5eedb-80bd-4e37-beeb-7ef664a85a9a,Embutidos Entrepeï¿½ï,Embutidos Entrepeñas
3390fde8-ef9e-4c71-841b-a9a26fcc4197,Makedonï¿½ï¿½ka Zacharod,Makedonιka Zacharodi Sa
1b77b22d-976e-490d-99e0-60b8b58c0c8e,Krajowa Rada Suplementï¿½ï¿½w I Odï¿½ï¿½ywek,Krajowa Rada Suplementów I Odżywek (Krsio)
38c9d8cd-bfa6-4d91-82d5-b3175bb9bff2,Delfï¿½ï¿½n Ultracongel,Delfín Ultracongelados
7acc0650-9beb-457d-848b-1330c180f51c,"El Pequeï¿½ï¿½o Molino,",Arruabarrena
053cb95c-30d5-4bb4-a173-0f1e5b620bd0,Dealcï¿½ï¿,Dealcázar
368bd0f7-4752-4788-a4e8-a7c6c6e211c1,Dolce Bontï¿½ï¿½ S.,Dolce Bontà S.R.L.
da84cbec-8bb5-424f-845a-7bd355998933,Dï¿½ï¿½hler Nutrafood S.,Döhler Nutrafood S.R.L.
4b30d7d7-e234-4ca1-86ea-f1147bd57f28,Destilerï¿½ï¿½as Xoriguer - Gin Xori,Destilerias Xoriguer
117fb798-45bb-42d8-8c71-1e5a88b7dae7,Voilï¿½ï¿½,Voilà Bio
68fe29aa-4cad-4f56-907e-0516bbd4d3db,Fini Golosinas Espaï¿½ï¿½a S,Fini Golosinas España S.L.U
e2fdebb9-e1fa-4825-befd-4f58ca5b0b85,Euroambrosï¿½ï,Euroambrosías
23db6f34-5b04-4c38-81eb-779fcc051536,Esteban Espuï¿½ï¿½a,Esteban Espuña S.A.
2d0361ac-6993-4b71-8091-ebe307582dfe,Essse Caffï¿½ï¿½ S.,Essse Caffè S.P.A.
bc3ff998-a14f-44d4-b787-15d7653fdb8a,Junta De Andalucï¿½,Junta De Andalucía
e83267a6-7d2d-4a72-9f26-cf0b9a48ff6f,Tï¿½ï¿½rtaros Gonzalo Castellï¿½ï,Tártaros Gonzalo Castelló S.L.U
75fda78c-f1e3-4378-9787-c690a9ebd6c4,Balcï¿½ï¿½n Del Guadalqu,Balcón Del Guadalquivir
486e3ba8-9b77-4a35-bd14-4c39a6c0e7de,Aral / Hostelerï¿½,Aral / Hostelería
941e1360-545c-4209-9221-1825fc7489d8,Pobillecolï¿½ï¿½,Pobillecològics
5f90a132-5a28-4709-9578-882f8d71636e,Pnp Di Peluso Societï¿½ï¿½ Unipersonale S.,Pnp Di Peluso Società Unipersonale S.R.L.
0ae98dea-fb42-4bda-b263-959487ec9bab,Oro Del Jabalï¿½ï¿½n S.C,Oro Del Jabalón S.C.Clm
f6b3cc8c-b405-44d1-897b-8f4d88bd1635,Castellï¿½ï¿½ Ruta De S,Castelló Ruta De Sabor
90ca0445-68ab-4841-aad4-a6b9eef49856,Diputaciï¿½ï¿½n De Ciudad,Diputación De Ciudad Real
f5d6b613-1bca-48f7-aebf-add027355e6e,Diputaciï¿½ï¿½n De Mï¿,Diputación De Málaga
30c82a8b-0f83-4620-bba4-c1a70a47b670,Bodegas Pï¿½ï¿½o Del,Bodegas Pío Del Ramo
6ca5462f-9e4f-4ffd-9448-781111205591,Cï¿½ï¿½rdoba Virgene,Córdoba Virgenextra
67dab76a-f011-472a-b6ed-697266869cd2,Dop Sierra Mï¿½ï¿½,Dop Sierra Mágina
1edabb82-02b8-48ef-9c36-2c965178a835,Diputaciï¿½ï¿½n De Alba,Diputación De Albacete
290c4577-e65a-4386-bcb5-0c6f54908ba7,Agraria Santa ï¿½ï¿½g,Agraria Santa Águeda
ae945815-70c5-4e06-9455-6fd90091626f,Icex Espaï¿½ï¿½a Exportacion E Inversiones E.,Icex España Exportacion E Inversiones E.P.E.
4e3796dc-4633-48bb-9aab-3253e80148c3,Indyk-Slask Spï¿½ï¿½lka Z,Indyk-Slask Spólka Z O.O.
10c3355e-8904-4606-97f1-e46531e6b5f7,Oleï¿½ï¿½cola J,Oleicola Jaén S.A.
7a0307e1-f59e-45bb-97b9-1309fa500a3e,Notos Distillery ï¿½ï¿½,Notos Distillery Ικε
6d2d57b3-1ef1-4ad2-bf7a-aa460b1b4eb5,Whoreca ï¿½ï¿½,Whoreca Ικε
6f1ade2f-3998-420f-9691-c4e9deaf7313,Union Of Agricultural Coop. ï¿½ï¿½f Naxos Agricultural Partnershi,Union Of Agricultural Coop. Οf Naxos Agricultural Partnership Sa
7215db2c-4efc-43d0-9851-9751cab11392,Ciconea Nutriciï¿½,Ciconea Nutrición
a221bb15-3874-4c4f-b4ed-6a19c91efae8,Aceite De Jaï¿½,Aceite De Jaén
f1d1936a-5ae0-46e1-8356-0dd62494b370,Badï¿½ï¿½ Forma,Badó Formatges
119c9f84-b76a-4d14-a124-f9d0f139a0e1,Aceite Molï¿½ï¿½ La V,Aceite Molí La Vansa
75bba16d-6c52-4339-bcbd-bcd3b5809886,A Conserveira Tradiciï¿½,A Conserveira Tradición
0bac5b4c-dce5-4c67-bd29-dc48abe7c722,"Batallï¿½ï¿½, S.A. & Unex",Batallé
6549b2c5-e5d5-4c83-8e05-be6debc46cf3,Bï¿½ï¿½sculas Servi,Básculas Servipesa
b1da19af-29e4-4494-8633-7bec90db1872,"Arrozï¿½ï¿½a, S.","Arrozúa, S.C.A."
20ca5ca1-b6ff-462c-9f27-8bd265d3981e,Agencia Per La Competitivitat De L'Empresa (Acciï¿½,Agencia Per La Competitivitat De L'Empresa (Acció)
646cb6da-cc67-4c1c-8041-c037a1a35dfb,Arqueogastronomï¿½,Arqueogastronomía
ec3b3962-c974-4e45-bcbf-0369d576a0ed,Coraï¿½ï¿½aï¿½ï¿½ Allianc,Coraçaí Alliance Europe
a5048cc4-b3af-477a-9030-0b1d8e9945ca,Arabicaffï¿½ï¿½,Arabicaffè Srl
f442b64c-1b81-4f00-86fa-9bf527e48919,Aproli Bari Societï¿½ï¿½ Cooperativa Agri,Aproli Bari Società Cooperativa Agricola
ddee3200-4863-43bd-8cd1-f4a1c7f70d88,Aove Tesoro Espaï¿½ï,Aove Tesoro Español
ba0d0732-38f0-4f0f-a4fb-9b612b50aca0,Az. Agricola Lï¿½ï¿½ï¿½Arco Anti,Az. Agricola L’Arco Antico Srl
c0c86523-ff61-430d-ae18-057f9d64df2a,Granja Ecolï¿½ï¿½gica Vil,Granja Ecológica Villada
baaaa559-4f44-40e0-a499-29840738c54e,Granja Avï¿½ï¿½cola S,Granja Avícola Salvi
153c7880-5734-49bc-8f99-ab5d9d478266,Asesores I Mï¿½ï¿,Asesores I Más D
9b341320-c934-402a-80aa-6d22dd02b81f,"Grupo Ybarra Alimentaciï¿½ï¿½n,","Grupo Ybarra Alimentación, S.L."
20c39a46-98f3-4809-8eaf-e2edaa1dc8e1,Societï¿½ï¿½ Agricola Calemma Societï¿½ï¿½,Società Agricola Calemma Società Semplice
f9c32f8d-b418-402b-9fea-c373c71d26e6,Smï¿½ï¿½oy - Eb,Smöoy - Ebbany
1738db02-4d84-49a7-b72b-3ebc5798d769,Fresbeira - Indï¿½ï¿½stria De Ca,Fresbeira - Indústria De Carnes
ae82c20c-33c1-4871-b2dd-69f69d19907a,Tï¿½ï¿½cnica De Envases Pesqueros Tep,Técnica De Envases Pesqueros Tep S.A.
b31ca130-289e-47fe-b5c6-040880ebb466,Termavi (Terminales Marï¿½ï¿½timas De Vigo),Termavi (Terminales Marítimas De Vigo) S.L.
0a84e7b6-7175-4da3-9e7e-df38a10cb433,"Teresa Mate, Piï¿½ï¿½ones Y Frutos Secos Carameliz","Teresa Mate, Piñones Y Frutos Secos Caramelizados"
bb685b97-d586-4b16-862d-612ad85e2abb,Torry Harris America Inc Sucursal Espaï¿½,Torry Harris America Inc Sucursal España
ab56ebfa-ef12-4b58-a24b-b8fae283fc78,Sï¿½ï¿½dtiroler Speck Consor,Südtiroler Speck Consortium
721f0a37-0de5-41b0-a2b9-3f9cc1de96c3,"Torrezno De Soria, Marca De Garantï¿½","Torrezno De Soria, Marca De Garantía"
7d8cb52f-c3b6-44df-b07a-79df431c6128,To.Da. Caffï¿½ï¿½ S.,To.Da. Caffè S.R.L.
b0b9c087-45c5-4c06-b452-f5c7b2f41662,Tapamania Espaï¿½,Tapamania España
64079062-e6ef-4fe9-b905-a61e10347953,Stohos Foods Espaï¿½,Stohos Foods España
a66fd30b-6d6d-46c5-84f7-8b427e4e71d7,Swisspac Espaï¿½,Swisspac España
7d859ee1-1cba-4fb5-bb10-386edfad1a89,Specialitï¿½ï¿½ Dei Piceni S.R.L. - Bacchetti,Specialità Dei Piceni S.R.L. - Bacchetti Food
aaee5986-c26c-45b3-93f1-c778c46775d3,Tama Caffï¿½ï¿½,Tama Caffè Srl
b937548d-01d2-4429-b229-ab864fc578d4,Sushi Robots Espaï¿½ï¿½,Sushi Robots España Sl
a049ab48-0b07-435a-9a77-e4340a7a0bbc,Diatosta Indï¿½ï¿½stria Alimentar,Diatosta
37d83853-9780-49b5-8451-ee5962e179ce,Ernst Bï¿½ï¿½cker Gmbh & Co,Ernst Böcker Gmbh & Co. Kg
d9d02bed-95df-4b35-a28d-e1875f86c3ab,Ing. Peter Kudlac ï¿½ï¿½ï¿½,Ing. Peter Kudlac – Apimed
