id,current_company_name,website,country,corrected_name
98e4f8cd-8d25-43eb-b5e0-da15e726059c,Garï¿½ï¿½u Buï,,Latvia,
375e4403-f1b4-42ff-9ae5-2bd07f33dadf,Nï¿½ï¿½ï¿½ï¿½is B,,Latvia,
ef51f358-4b11-4608-b923-4d0842fb4700,Lapsu Mï¿½ï¿½jas S,,Latvia,
3a7eca34-ed65-46c3-bb57-584b69a519f9,"N.Bomja Maiznï¿½ï¿""Lielezers"", Sia",,Latvia,
a3fc2158-5b0a-4287-af4d-1ff0346e55ad,Rucavas Tradï¿½ï¿½ciju K,,Latvia,
645b1534-fd43-4faa-b255-75202a215780,Vermuts Mirï¿,https://www.vermutsmirï¿½ï¿½,Spain,
42231e5e-44ca-4310-a85a-efb94b06e3ef,Embutidos Y Jamones Espaï¿½ï¿½a E H,https://www.embutidosespaï¿½ï¿½a,Spain,
450005c4-5548-4fc6-8608-273f9ff8f1ce,"Goya En Espaï¿½ï¿½a, S.",https://www.goyaenespaï¿½ï¿½a,Spain,
29ea5d92-1cb8-4fe4-9078-b7369b1c4469,Ballarï¿,https://www.ballarï¿½ï¿½,Spain,
